{
	"format_version": "1.12.0",
	"minecraft:geometry": [
		{
			"description": {
				"identifier": "geometry.torch",
				"texture_width": 16,
				"texture_height": 16,
				"visible_bounds_width": 3,
				"visible_bounds_height": 2.5,
				"visible_bounds_offset": [0, 0.75, 0]
			},
			"bones": [
				{
					"name": "rightItem",
					"pivot": [-4, 16, 1],
					"cubes": [
						{
							"origin": [-5, 6.34286, -8.25714],
							"size": [2, 10, 2],
							"pivot": [-4, 15.2, -7.25714],
							"rotation": [77.5, 0, 0],
							"uv": {
								"north": {"uv": [7, 6], "uv_size": [2, 10]},
								"east": {"uv": [7, 6], "uv_size": [2, 10]},
								"south": {"uv": [7, 6], "uv_size": [2, 10]},
								"west": {"uv": [7, 6], "uv_size": [2, 10]},
								"up": {"uv": [9, 8], "uv_size": [-2, -2]},
								"down": {"uv": [9, 16], "uv_size": [-2, -2]}
							}
						},
						{
							"origin": [-4.8, 16.34286, -8.25714],
							"size": [0, 1, 2],
							"pivot": [-4, 15.2, -7.25714],
							"rotation": [77.5, 0, 0],
							"uv": {
								"north": {"uv": [13.33333, 4], "uv_size": [0, 1.33333]},
								"east": {"uv": [7, 5], "uv_size": [2, 1]},
								"south": {"uv": [16, 4], "uv_size": [0, 1.33333]},
								"west": {"uv": [13.33333, 4], "uv_size": [2.66667, 1.33333]},
								"up": {"uv": [13.33333, 1.33333], "uv_size": [0, 2.66667]},
								"down": {"uv": [13.33333, 4], "uv_size": [0, -2.66667]}
							}
						},
						{
							"origin": [-4.8, 16.34286, -8.25714],
							"size": [0, 1, 2],
							"pivot": [-4, 15.2, -7.25714],
							"rotation": [90, 12.5, 90],
							"uv": {
								"north": {"uv": [13.33333, 4], "uv_size": [0, 1.33333]},
								"east": {"uv": [10.66667, 5.33333], "uv_size": [2.66667, 1.33333]},
								"south": {"uv": [16, 4], "uv_size": [0, 1.33333]},
								"west": {"uv": [7, 5], "uv_size": [2, 1]},
								"up": {"uv": [13.33333, 1.33333], "uv_size": [0, 2.66667]},
								"down": {"uv": [13.33333, 4], "uv_size": [0, -2.66667]}
							}
						},
						{
							"origin": [-2.5, 10.1462, -3.81828],
							"size": [0, 11, 1],
							"pivot": [-2.5, 15.1462, -3.31828],
							"rotation": [90, 12.5, 90],
							"uv": {
								"north": {"uv": [13.33333, 5.33333], "uv_size": [0, 1.33333]},
								"east": {"uv": [10.66667, 5.33333], "uv_size": [2.66667, 1.33333]},
								"south": {"uv": [16, 5.33333], "uv_size": [0, 1.33333]},
								"west": {"uv": [9, 5], "uv_size": [1, 11]},
								"up": {"uv": [13.33333, 2.66667], "uv_size": [0, 2.66667]},
								"down": {"uv": [13.33333, 5.33333], "uv_size": [0, -2.66667]}
							}
						},
						{
							"origin": [-2.5, 8.28998, -4.63108],
							"size": [0, 11, 1],
							"pivot": [-2.5, 13.78998, -4.13108],
							"rotation": [90, 12.5, 90],
							"uv": {
								"north": {"uv": [13.33333, 5.33333], "uv_size": [0, 1.33333]},
								"east": {"uv": [10.66667, 5.33333], "uv_size": [2.66667, 1.33333]},
								"south": {"uv": [16, 5.33333], "uv_size": [0, 1.33333]},
								"west": {"uv": [9, 5], "uv_size": [1, 11]},
								"up": {"uv": [13.33333, 2.66667], "uv_size": [0, 2.66667]},
								"down": {"uv": [13.33333, 5.33333], "uv_size": [0, -2.66667]}
							}
						},
						{
							"origin": [-2.5, 10.1462, -0.81828],
							"size": [0, 11, 1],
							"pivot": [-2.5, 15.1462, -3.31828],
							"rotation": [90, -12.5, -90],
							"uv": {
								"north": {"uv": [13.33333, 5.33333], "uv_size": [0, 1.33333]},
								"east": {"uv": [10.66667, 5.33333], "uv_size": [2.66667, 1.33333]},
								"south": {"uv": [16, 5.33333], "uv_size": [0, 1.33333]},
								"west": {"uv": [9, 5], "uv_size": [1, 11]},
								"up": {"uv": [13.33333, 2.66667], "uv_size": [0, 2.66667]},
								"down": {"uv": [13.33333, 5.33333], "uv_size": [0, -2.66667]}
							}
						},
						{
							"origin": [-4, 10.1462, -0.81828],
							"size": [0, 11, 1],
							"pivot": [-2.5, 15.1462, -3.31828],
							"rotation": [90, -12.5, -90],
							"uv": {
								"north": {"uv": [13.33333, 5.33333], "uv_size": [0, 1.33333]},
								"east": {"uv": [10.66667, 5.33333], "uv_size": [2.66667, 1.33333]},
								"south": {"uv": [16, 5.33333], "uv_size": [0, 1.33333]},
								"west": {"uv": [9, 5], "uv_size": [1, 11]},
								"up": {"uv": [13.33333, 2.66667], "uv_size": [0, 2.66667]},
								"down": {"uv": [13.33333, 5.33333], "uv_size": [0, -2.66667]}
							}
						},
						{
							"origin": [-3.2, 11.6, -8.4],
							"size": [0, 1, 2],
							"pivot": [-4, 13.6, -7.25714],
							"rotation": [12.5, 0, -180],
							"uv": {
								"north": {"uv": [13.33333, 5.33333], "uv_size": [0, 1.33333]},
								"east": {"uv": [10.66667, 5.33333], "uv_size": [2.66667, 1.33333]},
								"south": {"uv": [16, 5.33333], "uv_size": [0, 1.33333]},
								"west": {"uv": [7, 5], "uv_size": [2, 1]},
								"up": {"uv": [13.33333, 2.66667], "uv_size": [0, 2.66667]},
								"down": {"uv": [13.33333, 5.33333], "uv_size": [0, -2.66667]}
							}
						},
						{
							"origin": [-4.8, 7.30358, -8.0601],
							"size": [0, 11, 1],
							"pivot": [-4.8, 16.80358, -7.5601],
							"rotation": [102.5, 0, -180],
							"uv": {
								"north": {"uv": [13.33333, 5.33333], "uv_size": [0, 1.33333]},
								"east": {"uv": [10.66667, 5.33333], "uv_size": [2.66667, 1.33333]},
								"south": {"uv": [16, 5.33333], "uv_size": [0, 1.33333]},
								"west": {"uv": [6, 5], "uv_size": [1, 11]},
								"up": {"uv": [13.33333, 2.66667], "uv_size": [0, 2.66667]},
								"down": {"uv": [13.33333, 5.33333], "uv_size": [0, -2.66667]}
							}
						},
						{
							"origin": [-6.4, 7.30358, -8.0601],
							"size": [0, 11, 1],
							"pivot": [-4.8, 16.80358, -7.5601],
							"rotation": [102.5, 0, -180],
							"uv": {
								"north": {"uv": [13.33333, 5.33333], "uv_size": [0, 1.33333]},
								"east": {"uv": [10.66667, 5.33333], "uv_size": [2.66667, 1.33333]},
								"south": {"uv": [16, 5.33333], "uv_size": [0, 1.33333]},
								"west": {"uv": [6, 5], "uv_size": [1, 11]},
								"up": {"uv": [13.33333, 2.66667], "uv_size": [0, 2.66667]},
								"down": {"uv": [13.33333, 5.33333], "uv_size": [0, -2.66667]}
							}
						},
						{
							"origin": [-3.2, 7.50893, -4.80423],
							"size": [0, 11, 1],
							"pivot": [-3.2, 13.00893, -4.30423],
							"rotation": [77.5, 0, 0],
							"uv": {
								"north": {"uv": [13.33333, 5.33333], "uv_size": [0, 1.33333]},
								"east": {"uv": [10.66667, 5.33333], "uv_size": [2.66667, 1.33333]},
								"south": {"uv": [16, 5.33333], "uv_size": [0, 1.33333]},
								"west": {"uv": [6, 5], "uv_size": [1, 11]},
								"up": {"uv": [13.33333, 2.66667], "uv_size": [0, 2.66667]},
								"down": {"uv": [13.33333, 5.33333], "uv_size": [0, -2.66667]}
							}
						},
						{
							"origin": [-4.8, 7.50893, -4.80423],
							"size": [0, 11, 1],
							"pivot": [-4.8, 13.00893, -4.30423],
							"rotation": [77.5, 0, 0],
							"uv": {
								"north": {"uv": [13.33333, 5.33333], "uv_size": [0, 1.33333]},
								"east": {"uv": [10.66667, 5.33333], "uv_size": [2.66667, 1.33333]},
								"south": {"uv": [16, 5.33333], "uv_size": [0, 1.33333]},
								"west": {"uv": [6, 5], "uv_size": [1, 11]},
								"up": {"uv": [13.33333, 2.66667], "uv_size": [0, 2.66667]},
								"down": {"uv": [13.33333, 5.33333], "uv_size": [0, -2.66667]}
							}
						},
						{
							"origin": [-4.8, 15.34286, -8],
							"size": [0, 1, 2],
							"pivot": [-4, 13.6, -7],
							"rotation": [90, 12.5, 90],
							"uv": {
								"north": {"uv": [13.33333, 4], "uv_size": [0, 1.33333]},
								"east": {"uv": [10.66667, 5.33333], "uv_size": [2.66667, 1.33333]},
								"south": {"uv": [16, 4], "uv_size": [0, 1.33333]},
								"west": {"uv": [7, 5], "uv_size": [2, 1]},
								"up": {"uv": [13.33333, 1.33333], "uv_size": [0, 2.66667]},
								"down": {"uv": [13.33333, 4], "uv_size": [0, -2.66667]}
							}
						},
						{
							"origin": [-4.8, 16.34286, -8.25714],
							"size": [0, 1, 2],
							"pivot": [-4, 15.2, -7.25714],